age	population
Female	49.1914355407
Male	50.8085644593
